country,continent,year,lifeExp,pop,gdpPercap
Afghanistan,Asia,1952,28.801,"8,425,333",$779.45
Afghanistan,Asia,1957,30.332,"9,240,934",$820.85
Afghanistan,Asia,1962,n/a,"10,267,083",$853.1
Afghanistan,Asia,1967,n/a,"11,537,966",$836.2
Afghanistan,Asia,1972,36.088,"13,079,460",$739.98
Afghanistan,Asia,1977,38.438,"14,880,372",$786.11
Afghanistan,Asia,1982,39.854,"12,881,816",$978.01
Afghanistan,Asia,1987,40.822,"13,867,957",$852.4
Afghanistan,Asia,1992,41.674,"16,317,921",$649.34
Afghanistan,Asia,1997,41.763,"22,227,415",$635.34
Afghanistan,Asia,2002,42.129,"25,268,405",$726.73
Afghanistan,Asia,2007,43.828,"31,889,923",$974.58
